symbol,from,to
BTC-2GIVE,BTC,2GIVE
BTC-ABY,BTC,ABY
BTC-ADA,BTC,ADA
BTC-ADT,BTC,ADT
BTC-ADX,BTC,ADX
BTC-AEON,BTC,AEON
BTC-AMP,BTC,AMP
BTC-ANT,BTC,ANT
BTC-ARDR,BTC,ARDR
BTC-ARK,BTC,ARK
BTC-AUR,BTC,AUR
BTC-BAT,BTC,BAT
BTC-BAY,BTC,BAY
BTC-BCC,BTC,BCC
BTC-BCPT,BTC,BCPT
BTC-BCY,BTC,BCY
BTC-BITB,BTC,BITB
BTC-BLITZ,BTC,BLITZ
BTC-BLK,BTC,BLK
BTC-BLOCK,BTC,BLOCK
BTC-BNT,BTC,BNT
BTC-BRK,BTC,BRK
BTC-BRX,BTC,BRX
BTC-BSD,BTC,BSD
BTC-BTG,BTC,BTG
BTC-BURST,BTC,BURST
BTC-BYC,BTC,BYC
BTC-CANN,BTC,CANN
BTC-CFI,BTC,CFI
BTC-CLAM,BTC,CLAM
BTC-CLOAK,BTC,CLOAK
BTC-COVAL,BTC,COVAL
BTC-CRB,BTC,CRB
BTC-CRW,BTC,CRW
BTC-CURE,BTC,CURE
BTC-CVC,BTC,CVC
BTC-DASH,BTC,DASH
BTC-DCR,BTC,DCR
BTC-DCT,BTC,DCT
BTC-DGB,BTC,DGB
BTC-DMD,BTC,DMD
BTC-DMT,BTC,DMT
BTC-DNT,BTC,DNT
BTC-DOGE,BTC,DOGE
BTC-DOPE,BTC,DOPE
BTC-DTB,BTC,DTB
BTC-DYN,BTC,DYN
BTC-EBST,BTC,EBST
BTC-EDG,BTC,EDG
BTC-EFL,BTC,EFL
BTC-EGC,BTC,EGC
BTC-EMC,BTC,EMC
BTC-EMC2,BTC,EMC2
BTC-ENG,BTC,ENG
BTC-ENRG,BTC,ENRG
BTC-ERC,BTC,ERC
BTC-ETC,BTC,ETC
BTC-ETH,BTC,ETH
BTC-EXCL,BTC,EXCL
BTC-EXP,BTC,EXP
BTC-FCT,BTC,FCT
BTC-FLDC,BTC,FLDC
BTC-FLO,BTC,FLO
BTC-FTC,BTC,FTC
BTC-GAM,BTC,GAM
BTC-GAME,BTC,GAME
BTC-GBG,BTC,GBG
BTC-GBYTE,BTC,GBYTE
BTC-GEO,BTC,GEO
BTC-GLD,BTC,GLD
BTC-GNO,BTC,GNO
BTC-GNT,BTC,GNT
BTC-GOLOS,BTC,GOLOS
BTC-GRC,BTC,GRC
BTC-GRS,BTC,GRS
BTC-GUP,BTC,GUP
BTC-HMQ,BTC,HMQ
BTC-IGNIS,BTC,IGNIS
BTC-INCNT,BTC,INCNT
BTC-IOC,BTC,IOC
BTC-ION,BTC,ION
BTC-IOP,BTC,IOP
BTC-KMD,BTC,KMD
BTC-KORE,BTC,KORE
BTC-LBC,BTC,LBC
BTC-LGD,BTC,LGD
BTC-LMC,BTC,LMC
BTC-LRC,BTC,LRC
BTC-LSK,BTC,LSK
BTC-LTC,BTC,LTC
BTC-LUN,BTC,LUN
BTC-MANA,BTC,MANA
BTC-MCO,BTC,MCO
BTC-MEME,BTC,MEME
BTC-MER,BTC,MER
BTC-MLN,BTC,MLN
BTC-MONA,BTC,MONA
BTC-MUE,BTC,MUE
BTC-MUSIC,BTC,MUSIC
BTC-NAV,BTC,NAV
BTC-NBT,BTC,NBT
BTC-NEO,BTC,NEO
BTC-NEOS,BTC,NEOS
BTC-NLG,BTC,NLG
BTC-NMR,BTC,NMR
BTC-NXC,BTC,NXC
BTC-NXS,BTC,NXS
BTC-NXT,BTC,NXT
BTC-OK,BTC,OK
BTC-OMG,BTC,OMG
BTC-OMNI,BTC,OMNI
BTC-PART,BTC,PART
BTC-PAY,BTC,PAY
BTC-PINK,BTC,PINK
BTC-PIVX,BTC,PIVX
BTC-POLY,BTC,POLY
BTC-POT,BTC,POT
BTC-POWR,BTC,POWR
BTC-PPC,BTC,PPC
BTC-PRO,BTC,PRO
BTC-PTC,BTC,PTC
BTC-PTOY,BTC,PTOY
BTC-QRL,BTC,QRL
BTC-QTUM,BTC,QTUM
BTC-QWARK,BTC,QWARK
BTC-RADS,BTC,RADS
BTC-RBY,BTC,RBY
BTC-RCN,BTC,RCN
BTC-RDD,BTC,RDD
BTC-REP,BTC,REP
BTC-RLC,BTC,RLC
BTC-RVR,BTC,RVR
BTC-SALT,BTC,SALT
BTC-SBD,BTC,SBD
BTC-SC,BTC,SC
BTC-SEQ,BTC,SEQ
BTC-SHIFT,BTC,SHIFT
BTC-SIB,BTC,SIB
BTC-SLR,BTC,SLR
BTC-SLS,BTC,SLS
BTC-SNRG,BTC,SNRG
BTC-SNT,BTC,SNT
BTC-SPHR,BTC,SPHR
BTC-SPR,BTC,SPR
BTC-SRN,BTC,SRN
BTC-STEEM,BTC,STEEM
BTC-STORJ,BTC,STORJ
BTC-STRAT,BTC,STRAT
BTC-SWIFT,BTC,SWIFT
BTC-SWT,BTC,SWT
BTC-SYNX,BTC,SYNX
BTC-SYS,BTC,SYS
BTC-THC,BTC,THC
BTC-TIX,BTC,TIX
BTC-TKS,BTC,TKS
BTC-TRST,BTC,TRST
BTC-TRUST,BTC,TRUST
BTC-TRX,BTC,TRX
BTC-TUSD,BTC,TUSD
BTC-TX,BTC,TX
BTC-UBQ,BTC,UBQ
BTC-UKG,BTC,UKG
BTC-UNB,BTC,UNB
BTC-UP,BTC,UP
BTC-VEE,BTC,VEE
BTC-VIA,BTC,VIA
BTC-VIB,BTC,VIB
BTC-VRC,BTC,VRC
BTC-VRM,BTC,VRM
BTC-VTC,BTC,VTC
BTC-VTR,BTC,VTR
BTC-WAVES,BTC,WAVES
BTC-WAX,BTC,WAX
BTC-WINGS,BTC,WINGS
BTC-XCP,BTC,XCP
BTC-XDN,BTC,XDN
BTC-XEL,BTC,XEL
BTC-XEM,BTC,XEM
BTC-XLM,BTC,XLM
BTC-XMG,BTC,XMG
BTC-XMR,BTC,XMR
BTC-XMY,BTC,XMY
BTC-XRP,BTC,XRP
BTC-XST,BTC,XST
BTC-XVC,BTC,XVC
BTC-XVG,BTC,XVG
BTC-XWC,BTC,XWC
BTC-XZC,BTC,XZC
BTC-ZCL,BTC,ZCL
BTC-ZEC,BTC,ZEC
BTC-ZEN,BTC,ZEN
BTC-ZRX,BTC,ZRX
ETH-ADA,ETH,ADA
ETH-ADT,ETH,ADT
ETH-ADX,ETH,ADX
ETH-ANT,ETH,ANT
ETH-BAT,ETH,BAT
ETH-BCC,ETH,BCC
ETH-BCPT,ETH,BCPT
ETH-BNT,ETH,BNT
ETH-BTG,ETH,BTG
ETH-CFI,ETH,CFI
ETH-CRB,ETH,CRB
ETH-CVC,ETH,CVC
ETH-DASH,ETH,DASH
ETH-DGB,ETH,DGB
ETH-DMT,ETH,DMT
ETH-DNT,ETH,DNT
ETH-ENG,ETH,ENG
ETH-ETC,ETH,ETC
ETH-FCT,ETH,FCT
ETH-GNO,ETH,GNO
ETH-GNT,ETH,GNT
ETH-GUP,ETH,GUP
ETH-HMQ,ETH,HMQ
ETH-LGD,ETH,LGD
ETH-LRC,ETH,LRC
ETH-LTC,ETH,LTC
ETH-LUN,ETH,LUN
ETH-MANA,ETH,MANA
ETH-MCO,ETH,MCO
ETH-NEO,ETH,NEO
ETH-NMR,ETH,NMR
ETH-OMG,ETH,OMG
ETH-PAY,ETH,PAY
ETH-POLY,ETH,POLY
ETH-POWR,ETH,POWR
ETH-PRO,ETH,PRO
ETH-PTOY,ETH,PTOY
ETH-QRL,ETH,QRL
ETH-QTUM,ETH,QTUM
ETH-RCN,ETH,RCN
ETH-REP,ETH,REP
ETH-RLC,ETH,RLC
ETH-SALT,ETH,SALT
ETH-SC,ETH,SC
ETH-SNT,ETH,SNT
ETH-SRN,ETH,SRN
ETH-STORJ,ETH,STORJ
ETH-STRAT,ETH,STRAT
ETH-TIX,ETH,TIX
ETH-TRST,ETH,TRST
ETH-TRX,ETH,TRX
ETH-TUSD,ETH,TUSD
ETH-UKG,ETH,UKG
ETH-UP,ETH,UP
ETH-VEE,ETH,VEE
ETH-VIB,ETH,VIB
ETH-WAVES,ETH,WAVES
ETH-WAX,ETH,WAX
ETH-WINGS,ETH,WINGS
ETH-XEM,ETH,XEM
ETH-XLM,ETH,XLM
ETH-XMR,ETH,XMR
ETH-XRP,ETH,XRP
ETH-ZEC,ETH,ZEC
ETH-ZRX,ETH,ZRX
USDT-ADA,USDT,ADA
USDT-BCC,USDT,BCC
USDT-BTC,USDT,BTC
USDT-BTG,USDT,BTG
USDT-DASH,USDT,DASH
USDT-ETC,USDT,ETC
USDT-ETH,USDT,ETH
USDT-LTC,USDT,LTC
USDT-NEO,USDT,NEO
USDT-NXT,USDT,NXT
USDT-OMG,USDT,OMG
USDT-SC,USDT,SC
USDT-TRX,USDT,TRX
USDT-TUSD,USDT,TUSD
USDT-XMR,USDT,XMR
USDT-XRP,USDT,XRP
USDT-XVG,USDT,XVG
USDT-ZEC,USDT,ZEC
