symbol,from,to
ACAT-BTC,ACAT,BTC
ACAT-ETH,ACAT,ETH
ACT-BTC,ACT,BTC
ACT-ETH,ACT,ETH
ADB-BTC,ADB,BTC
ADB-ETH,ADB,ETH
AGI-ETH,AGI,ETH
AGI-BTC,AGI,BTC
AION-BTC,AION,BTC
AION-ETH,AION,ETH
AIX-BTC,AIX,BTC
AIX-ETH,AIX,ETH
AMB-BTC,AMB,BTC
AMB-ETH,AMB,ETH
ARN-BTC,ARN,BTC
ARN-ETH,ARN,ETH
ARY-BTC,ARY,BTC
ARY-ETH,ARY,ETH
AXP-BTC,AXP,BTC
AXP-ETH,AXP,ETH
BCD-BTC,BCD,BTC
BCD-ETH,BCD,ETH
BCH-USDT,BCH,USDT
BCH-BTC,BCH,BTC
BCH-ETH,BCH,ETH
BCH-KCS,BCH,KCS
BCPT-BTC,BCPT,BTC
BCPT-ETH,BCPT,ETH
BHC-BTC,BHC,BTC
BNTY-BTC,BNTY,BTC
BNTY-ETH,BNTY,ETH
BOS-BTC,BOS,BTC
BOS-ETH,BOS,ETH
BPT-BTC,BPT,BTC
BPT-ETH,BPT,ETH
BTC-USDT,BTC,USDT
BTG-BTC,BTG,BTC
BTG-ETH,BTG,ETH
BTM-BTC,BTM,BTC
BTM-ETH,BTM,ETH
CAG-BTC,CAG,BTC
CAG-ETH,CAG,ETH
CAN-BTC,CAN,BTC
CAN-ETH,CAN,ETH
CAPP-BTC,CAPP,BTC
CAPP-ETH,CAPP,ETH
CAT-BTC,CAT,BTC
CAT-ETH,CAT,ETH
CFD-ETH,CFD,ETH
CHSB-BTC,CHSB,BTC
CHSB-ETH,CHSB,ETH
COFI-BTC,COFI,BTC
COFI-ETH,COFI,ETH
COV-BTC,COV,BTC
COV-ETH,COV,ETH
CS-BTC,CS,BTC
CS-ETH,CS,ETH
CS-USDT,CS,USDT
CV-BTC,CV,BTC
CV-ETH,CV,ETH
CVC-BTC,CVC,BTC
CVC-ETH,CVC,ETH
CXO-BTC,CXO,BTC
CXO-ETH,CXO,ETH
DADI-BTC,DADI,BTC
DADI-ETH,DADI,ETH
DASH-BTC,DASH,BTC
DASH-ETH,DASH,ETH
DAT-BTC,DAT,BTC
DAT-ETH,DAT,ETH
DBC-BTC,DBC,BTC
DBC-ETH,DBC,ETH
DBC-NEO,DBC,NEO
DEB-BTC,DEB,BTC
DEB-ETH,DEB,ETH
DENT-BTC,DENT,BTC
DENT-ETH,DENT,ETH
DGB-BTC,DGB,BTC
DGB-ETH,DGB,ETH
DNA-BTC,DNA,BTC
DNA-ETH,DNA,ETH
DRGN-BTC,DRGN,BTC
DRGN-ETH,DRGN,ETH
DRGN-NEO,DRGN,NEO
DRGN-USDT,DRGN,USDT
DTA-BTC,DTA,BTC
DTA-ETH,DTA,ETH
EBTC-BTC,EBTC,BTC
EBTC-ETH,EBTC,ETH
ELEC-BTC,ELEC,BTC
ELEC-ETH,ELEC,ETH
ELF-BTC,ELF,BTC
ELF-ETH,ELF,ETH
ELIX-BTC,ELIX,BTC
ELIX-ETH,ELIX,ETH
ENJ-BTC,ENJ,BTC
ENJ-ETH,ENJ,ETH
EOS-BTC,EOS,BTC
EOS-ETH,EOS,ETH
EOS-NEO,EOS,NEO
EOS-USDT,EOS,USDT
ETC-BTC,ETC,BTC
ETC-ETH,ETC,ETH
ETC-KCS,ETC,KCS
ETH-BTC,ETH,BTC
ETH-USDT,ETH,USDT
ETN-BTC,ETN,BTC
ETN-ETH,ETN,ETH
EVX-BTC,EVX,BTC
EVX-ETH,EVX,ETH
EXY-BTC,EXY,BTC
EXY-ETH,EXY,ETH
FLIXX-BTC,FLIXX,BTC
FLIXX-ETH,FLIXX,ETH
FOTA-BTC,FOTA,BTC
FOTA-ETH,FOTA,ETH
GAS-NEO,GAS,NEO
GAS-BTC,GAS,BTC
GAS-KCS,GAS,KCS
GAT-BTC,GAT,BTC
GAT-ETH,GAT,ETH
GLA-BTC,GLA,BTC
GLA-ETH,GLA,ETH
GVT-BTC,GVT,BTC
GVT-ETH,GVT,ETH
HAT-BTC,HAT,BTC
HAT-ETH,HAT,ETH
HAV-BTC,HAV,BTC
HAV-ETH,HAV,ETH
HKN-BTC,HKN,BTC
HKN-ETH,HKN,ETH
HPB-BTC,HPB,BTC
HPB-ETH,HPB,ETH
HSR-BTC,HSR,BTC
HSR-ETH,HSR,ETH
HST-BTC,HST,BTC
HST-ETH,HST,ETH
IHT-BTC,IHT,BTC
IHT-ETH,IHT,ETH
ING-BTC,ING,BTC
ING-ETH,ING,ETH
INS-BTC,INS,BTC
INS-ETH,INS,ETH
IOST-BTC,IOST,BTC
IOST-ETH,IOST,ETH
ITC-BTC,ITC,BTC
ITC-ETH,ITC,ETH
J8T-BTC,J8T,BTC
J8T-ETH,J8T,ETH
JNT-BTC,JNT,BTC
JNT-ETH,JNT,ETH
KCS-BTC,KCS,BTC
KCS-ETH,KCS,ETH
KCS-USDT,KCS,USDT
KEY-BTC,KEY,BTC
KEY-ETH,KEY,ETH
KICK-BTC,KICK,BTC
KICK-ETH,KICK,ETH
KNC-BTC,KNC,BTC
KNC-ETH,KNC,ETH
LA-BTC,LA,BTC
LA-ETH,LA,ETH
LEND-BTC,LEND,BTC
LEND-ETH,LEND,ETH
LOCI-BTC,LOCI,BTC
LOCI-ETH,LOCI,ETH
LOOM-BTC,LOOM,BTC
LOOM-ETH,LOOM,ETH
LTC-BTC,LTC,BTC
LTC-ETH,LTC,ETH
LTC-NEO,LTC,NEO
LTC-USDT,LTC,USDT
LYM-BTC,LYM,BTC
LYM-ETH,LYM,ETH
MEE-BTC,MEE,BTC
MEE-ETH,MEE,ETH
MOD-BTC,MOD,BTC
MOD-ETH,MOD,ETH
MTH-BTC,MTH,BTC
MTH-ETH,MTH,ETH
MTN-BTC,MTN,BTC
MTN-ETH,MTN,ETH
MWAT-BTC,MWAT,BTC
MWAT-ETH,MWAT,ETH
NEBL-BTC,NEBL,BTC
NEBL-ETH,NEBL,ETH
NEO-KCS,NEO,KCS
NEO-USDT,NEO,USDT
NEO-BTC,NEO,BTC
NEO-ETH,NEO,ETH
NULS-BTC,NULS,BTC
NULS-ETH,NULS,ETH
OCN-BTC,OCN,BTC
OCN-ETH,OCN,ETH
OMG-BTC,OMG,BTC
OMG-ETH,OMG,ETH
ONION-BTC,ONION,BTC
ONION-ETH,ONION,ETH
ONT-BTC,ONT,BTC
ONT-ETH,ONT,ETH
ONT-NEO,ONT,NEO
PARETO-BTC,PARETO,BTC
PARETO-ETH,PARETO,ETH
PAY-BTC,PAY,BTC
PAY-ETH,PAY,ETH
PBL-BTC,PBL,BTC
PBL-ETH,PBL,ETH
PLAY-BTC,PLAY,BTC
PLAY-ETH,PLAY,ETH
POE-BTC,POE,BTC
POE-ETH,POE,ETH
POLL-BTC,POLL,BTC
POLL-ETH,POLL,ETH
POLY-BTC,POLY,BTC
POLY-ETH,POLY,ETH
POWR-BTC,POWR,BTC
POWR-ETH,POWR,ETH
PPT-BTC,PPT,BTC
PPT-ETH,PPT,ETH
PRL-BTC,PRL,BTC
PRL-ETH,PRL,ETH
PRL-NEO,PRL,NEO
PURA-BTC,PURA,BTC
PURA-ETH,PURA,ETH
QLC-BTC,QLC,BTC
QLC-ETH,QLC,ETH
QLC-NEO,QLC,NEO
QSP-BTC,QSP,BTC
QSP-ETH,QSP,ETH
QTUM-BTC,QTUM,BTC
R-BTC,R,BTC
R-ETH,R,ETH
RDN-BTC,RDN,BTC
RDN-ETH,RDN,ETH
REQ-BTC,REQ,BTC
REQ-ETH,REQ,ETH
RHOC-BTC,RHOC,BTC
RHOC-ETH,RHOC,ETH
RPX-BTC,RPX,BTC
RPX-ETH,RPX,ETH
RPX-KCS,RPX,KCS
RPX-NEO,RPX,NEO
SAY-BTC,SAY,BTC
SAY-ETH,SAY,ETH
SNC-BTC,SNC,BTC
SNC-ETH,SNC,ETH
SNM-BTC,SNM,BTC
SNM-ETH,SNM,ETH
SNOV-BTC,SNOV,BTC
SNOV-ETH,SNOV,ETH
SNT-BTC,SNT,BTC
SNT-ETH,SNT,ETH
SPF-BTC,SPF,BTC
SPF-ETH,SPF,ETH
SPHTX-BTC,SPHTX,BTC
SPHTX-ETH,SPHTX,ETH
STK-BTC,STK,BTC
STK-ETH,STK,ETH
STX-BTC,STX,BTC
STX-ETH,STX,ETH
SUB-BTC,SUB,BTC
SUB-ETH,SUB,ETH
TEL-BTC,TEL,BTC
TEL-ETH,TEL,ETH
TFL-BTC,TFL,BTC
TFL-ETH,TFL,ETH
TIME-BTC,TIME,BTC
TIME-ETH,TIME,ETH
TIO-BTC,TIO,BTC
TIO-ETH,TIO,ETH
TKY-BTC,TKY,BTC
TKY-ETH,TKY,ETH
TKY-NEO,TKY,NEO
TNC-BTC,TNC,BTC
TNC-ETH,TNC,ETH
TNC-NEO,TNC,NEO
TRAC-BTC,TRAC,BTC
TRAC-ETH,TRAC,ETH
UKG-BTC,UKG,BTC
UKG-ETH,UKG,ETH
UTK-BTC,UTK,BTC
UTK-ETH,UTK,ETH
VEN-BTC,VEN,BTC
VEN-ETH,VEN,ETH
WAX-BTC,WAX,BTC
WAX-ETH,WAX,ETH
WTC-BTC,WTC,BTC
XAS-BTC,XAS,BTC
XAS-ETH,XAS,ETH
XLR-BTC,XLR,BTC
XLR-ETH,XLR,ETH
XRB-BTC,XRB,BTC
XRB-ETH,XRB,ETH
XRB-USDT,XRB,USDT
ZIL-BTC,ZIL,BTC
ZIL-ETH,ZIL,ETH
ZPT-BTC,ZPT,BTC
ZPT-ETH,ZPT,ETH
ZPT-NEO,ZPT,NEO
